WellID,Stage,model,mean_Do_x,mean_Do_y,mean_Do_z,sd_Do_x,sd_Do_y,sd_Do_z,hdi_3%_Do_x,hdi_3%_Do_y,hdi_3%_Do_z,hdi_97%_Do_x,hdi_97%_Do_y,hdi_97%_Do_z
4,2,linear,5.077,0.001,0.156,0.254,0.001,0.017,4.589,0.0,0.128,5.37,0.001,0.194
4,2,nonlinear,0.689,0.001,0.046,0.081,0.001,0.005,0.535,0.0,0.036,0.848,0.002,0.055
4,3,linear,6.835,0.517,0.487,0.116,0.062,0.031,6.669,0.417,0.445,7.071,0.625,0.544
4,3,nonlinear,1.702,0.518,0.153,0.188,0.062,0.016,1.343,0.418,0.121,2.048,0.627,0.179
4,4,linear,4.933,0.561,0.557,0.041,0.015,0.018,4.85,0.536,0.523,5.005,0.591,0.592
4,4,nonlinear,1.326,0.561,0.181,0.123,0.016,0.017,1.09,0.536,0.148,1.536,0.591,0.209
4,5,linear,4.864,0.418,0.752,0.028,0.009,0.011,4.812,0.401,0.732,4.917,0.433,0.774
4,5,nonlinear,1.498,0.418,0.179,0.167,0.009,0.02,1.188,0.401,0.142,1.742,0.433,0.21
4,6,linear,4.347,0.289,0.884,0.037,0.007,0.018,4.288,0.274,0.852,4.424,0.3,0.918
4,6,nonlinear,1.821,0.289,0.213,0.201,0.007,0.024,1.461,0.275,0.17,2.115,0.3,0.249
4,7,linear,8.81,0.954,1.734,0.057,0.023,0.024,8.704,0.906,1.694,8.921,0.993,1.778
4,7,nonlinear,1.751,0.952,0.217,0.177,0.024,0.024,1.43,0.907,0.174,2.039,0.996,0.26
4,8,linear,3.464,0.39,1.052,0.036,0.008,0.009,3.408,0.377,1.035,3.545,0.406,1.068
4,8,nonlinear,0.499,0.39,0.697,0.046,0.008,0.064,0.41,0.377,0.578,0.574,0.406,0.8
4,9,linear,3.241,0.448,2.475,0.011,0.005,0.028,3.218,0.438,2.431,3.262,0.457,2.531
4,9,nonlinear,0.723,0.448,0.754,0.069,0.005,0.072,0.593,0.438,0.621,0.833,0.458,0.867
4,10,linear,1.494,0.202,1.518,0.01,0.002,0.012,1.475,0.198,1.496,1.513,0.206,1.537
4,10,nonlinear,0.236,0.202,0.619,0.021,0.002,0.055,0.196,0.198,0.519,0.269,0.206,0.709
4,11,linear,2.843,0.094,1.319,0.03,0.003,0.017,2.794,0.087,1.289,2.9,0.1,1.352
4,11,nonlinear,0.648,0.093,0.402,0.059,0.003,0.037,0.534,0.087,0.33,0.743,0.1,0.46
4,12,linear,5.541,0.225,2.623,0.046,0.01,0.03,5.458,0.205,2.569,5.628,0.244,2.683
4,12,nonlinear,1.672,0.225,0.71,0.161,0.011,0.069,1.349,0.204,0.579,1.914,0.244,0.819
4,13,linear,3.151,0.372,2.48,0.028,0.012,0.044,3.1,0.35,2.39,3.212,0.395,2.554
4,13,nonlinear,0.769,0.372,0.775,0.076,0.012,0.075,0.625,0.351,0.636,0.9,0.397,0.895
4,14,linear,2.886,0.465,2.161,0.027,0.012,0.04,2.842,0.441,2.074,2.938,0.485,2.228
4,14,nonlinear,0.403,0.465,0.111,0.038,0.012,0.011,0.329,0.441,0.088,0.467,0.484,0.127
4,15,linear,4.03,0.613,2.949,0.048,0.014,0.042,3.948,0.589,2.86,4.131,0.639,3.014
4,15,nonlinear,1.192,0.613,0.443,0.114,0.014,0.043,0.981,0.59,0.363,1.38,0.642,0.514
4,16,linear,3.619,0.546,1.233,0.036,0.013,0.019,3.563,0.523,1.194,3.688,0.568,1.268
4,16,nonlinear,0.96,0.547,0.399,0.098,0.013,0.04,0.788,0.524,0.324,1.112,0.569,0.458
1,1,linear,3.094,0.283,0.593,0.077,0.03,0.051,2.988,0.219,0.515,3.262,0.338,0.698
1,1,nonlinear,0.103,0.282,0.034,0.009,0.031,0.003,0.086,0.216,0.027,0.119,0.338,0.039
1,2,linear,6.71,4.802,5.185,0.127,0.096,0.099,6.498,4.63,5.003,6.974,4.983,5.391
1,2,nonlinear,2.574,4.802,1.102,0.296,0.094,0.127,2.006,4.651,0.858,3.043,4.989,1.312
1,3,linear,6.798,1.338,1.998,0.13,0.029,0.027,6.603,1.28,1.957,7.048,1.395,2.05
1,3,nonlinear,1.48,1.338,0.488,0.148,0.029,0.049,1.189,1.284,0.391,1.704,1.395,0.562
1,4,linear,14.326,2.391,3.345,0.12,0.019,0.027,14.076,2.354,3.296,14.525,2.429,3.399
1,4,nonlinear,6.455,2.391,1.49,1.094,0.019,0.253,4.463,2.354,1.033,8.328,2.427,1.928
1,5,linear,7.73,0.689,1.304,0.077,0.004,0.012,7.589,0.681,1.278,7.899,0.697,1.324
1,5,nonlinear,1.756,0.689,0.257,0.181,0.004,0.026,1.416,0.681,0.207,2.042,0.697,0.298
1,6,linear,11.207,1.345,2.375,0.098,0.028,0.036,11.02,1.289,2.314,11.371,1.396,2.447
1,6,nonlinear,3.038,1.346,0.514,0.318,0.028,0.054,2.458,1.293,0.413,3.573,1.401,0.601
1,7,linear,6.825,1.259,1.426,0.044,0.017,0.023,6.738,1.221,1.382,6.908,1.29,1.467
1,7,nonlinear,2.693,1.259,0.674,0.305,0.016,0.077,2.113,1.226,0.527,3.179,1.291,0.796
1,8,linear,7.105,5.405,3.077,0.052,0.047,0.04,7.007,5.316,3.008,7.196,5.491,3.152
1,8,nonlinear,1.619,5.407,0.605,0.174,0.047,0.065,1.32,5.321,0.494,1.89,5.494,0.708
1,9,linear,5.455,4.671,2.555,0.08,0.057,0.151,5.313,4.548,2.36,5.634,4.775,2.869
1,9,nonlinear,1.104,4.669,0.125,0.106,0.058,0.013,0.902,4.545,0.099,1.272,4.773,0.151
1,10,linear,6.042,2.714,2.068,0.061,0.022,0.028,5.949,2.672,2.021,6.164,2.757,2.12
1,10,nonlinear,1.186,2.714,0.655,0.123,0.022,0.068,0.956,2.674,0.529,1.378,2.758,0.759
1,11,linear,3.646,8.235,6.292,0.044,0.049,0.037,3.566,8.129,6.219,3.72,8.315,6.358
1,11,nonlinear,1.059,8.235,1.852,0.114,0.048,0.199,0.841,8.129,1.47,1.241,8.312,2.168
1,12,linear,5.23,8.91,4.956,0.034,0.063,0.075,5.159,8.791,4.789,5.294,9.033,5.087
1,12,nonlinear,1.42,8.909,1.285,0.153,0.064,0.138,1.138,8.791,1.032,1.669,9.032,1.509
1,13,linear,0.788,0.479,0.548,0.016,0.009,0.007,0.764,0.466,0.538,0.821,0.498,0.562
1,13,nonlinear,0.275,0.479,0.364,0.027,0.009,0.035,0.223,0.466,0.3,0.317,0.496,0.418
1,14,linear,3.905,0.703,1.426,0.078,0.019,0.023,3.757,0.668,1.387,4.064,0.736,1.472
1,14,nonlinear,0.231,0.704,0.229,0.022,0.019,0.025,0.19,0.668,0.183,0.27,0.737,0.279
1,15,linear,13.779,4.366,9.732,0.257,0.061,0.181,13.283,4.265,9.364,14.277,4.487,10.026
1,15,nonlinear,4.494,4.363,2.474,0.783,0.059,0.43,3.031,4.269,1.657,5.785,4.489,3.166
1,16,linear,12.959,5.353,10.756,0.082,0.143,0.134,12.808,5.079,10.554,13.096,5.652,11.011
1,16,nonlinear,2.411,5.358,2.623,0.355,0.148,0.37,1.725,5.073,1.915,3.026,5.659,3.205
1,17,linear,0.741,0.147,1.041,0.006,0.002,0.007,0.729,0.143,1.029,0.754,0.151,1.054
1,17,nonlinear,0.181,0.147,0.388,0.016,0.002,0.033,0.151,0.143,0.327,0.205,0.151,0.442
1,18,linear,6.81,1.79,6.737,0.116,0.045,0.064,6.582,1.713,6.614,7.021,1.869,6.856
1,18,nonlinear,0.813,1.79,1.265,0.087,0.045,0.135,0.646,1.71,1.002,0.961,1.867,1.479
1,19,linear,5.451,2.049,6.795,0.063,0.042,0.059,5.356,1.972,6.688,5.575,2.127,6.918
1,19,nonlinear,2.117,2.05,1.819,0.274,0.042,0.235,1.636,1.977,1.406,2.55,2.134,2.184
1,20,linear,11.679,1.442,4.774,0.055,0.024,0.076,11.575,1.401,4.641,11.783,1.485,4.914
1,20,nonlinear,4.334,1.442,1.632,0.595,0.024,0.224,3.252,1.4,1.208,5.309,1.486,1.995
3,1,linear,0.071,0.007,0.025,0.007,0.001,0.002,0.056,0.005,0.022,0.083,0.009,0.03
3,1,nonlinear,0.01,0.007,0.014,0.002,0.001,0.002,0.006,0.005,0.011,0.013,0.009,0.017
3,2,linear,0.057,0.023,0.053,0.004,0.004,0.005,0.048,0.016,0.047,0.065,0.03,0.063
3,2,nonlinear,0.01,0.023,0.028,0.002,0.004,0.004,0.007,0.016,0.021,0.013,0.031,0.035
3,3,linear,0.106,0.014,0.101,0.009,0.003,0.006,0.091,0.011,0.09,0.125,0.02,0.113
3,3,nonlinear,0.041,0.014,0.043,0.004,0.003,0.005,0.032,0.011,0.034,0.05,0.019,0.053
3,4,linear,0.85,0.132,0.057,0.037,0.006,0.004,0.781,0.122,0.049,0.924,0.144,0.066
3,4,nonlinear,0.198,0.132,0.021,0.019,0.005,0.002,0.161,0.122,0.016,0.23,0.144,0.025
3,5,linear,16.702,0.31,4.266,0.962,0.011,0.056,15.131,0.287,4.164,18.236,0.326,4.369
3,5,nonlinear,6.844,0.309,1.854,1.277,0.011,0.346,4.475,0.288,1.226,8.885,0.327,2.422
3,6,linear,27.729,0.529,4.566,1.334,0.056,0.373,25.042,0.409,4.098,29.408,0.627,5.295
3,6,nonlinear,6.062,0.53,1.829,1.119,0.057,0.335,3.98,0.414,1.221,7.872,0.631,2.376
3,7,linear,10.292,0.423,2.336,0.255,0.022,0.036,9.772,0.38,2.268,10.651,0.46,2.4
3,7,nonlinear,2.822,0.421,0.791,0.296,0.023,0.083,2.242,0.378,0.638,3.288,0.459,0.93
3,8,linear,2.846,0.036,0.615,0.05,0.001,0.01,2.755,0.034,0.599,2.921,0.038,0.633
3,8,nonlinear,0.713,0.036,0.236,0.066,0.001,0.022,0.593,0.034,0.196,0.822,0.038,0.271
3,9,linear,0.952,0.032,0.423,0.017,0.001,0.005,0.928,0.03,0.413,0.987,0.033,0.433
3,9,nonlinear,0.397,0.032,0.206,0.037,0.001,0.019,0.323,0.03,0.168,0.452,0.033,0.236
3,10,linear,4.137,0.131,2.398,0.023,0.004,0.021,4.095,0.123,2.362,4.18,0.139,2.444
3,10,nonlinear,3.179,0.131,1.607,0.386,0.004,0.195,2.432,0.124,1.23,3.794,0.14,1.918
3,11,linear,3.473,0.172,1.961,0.044,0.006,0.025,3.406,0.162,1.915,3.566,0.183,2.007
3,11,nonlinear,2.569,0.172,1.199,0.312,0.006,0.145,2.009,0.162,0.925,3.067,0.183,1.426
3,12,linear,4.664,0.257,1.63,0.319,0.014,0.075,4.089,0.226,1.497,5.132,0.28,1.743
3,12,nonlinear,1.378,0.258,0.567,0.147,0.014,0.061,1.109,0.228,0.457,1.607,0.28,0.661
3,13,linear,2.059,0.162,1.297,0.045,0.006,0.02,1.989,0.149,1.256,2.146,0.171,1.335
3,13,nonlinear,0.042,0.162,0.014,0.004,0.006,0.001,0.034,0.15,0.011,0.05,0.171,0.016
3,14,linear,20.548,0.986,8.952,0.538,0.056,0.316,19.757,0.907,8.441,21.594,1.105,9.574
3,14,nonlinear,3.854,0.99,2.183,0.568,0.061,0.321,2.746,0.906,1.568,4.766,1.119,2.705
3,15,linear,7.766,0.427,4.439,0.285,0.016,0.117,7.179,0.396,4.272,8.163,0.461,4.677
3,15,nonlinear,2.409,0.427,1.294,0.274,0.016,0.151,1.89,0.397,1.002,2.837,0.457,1.539
3,16,linear,6.614,0.165,3.193,0.049,0.009,0.058,6.531,0.148,3.077,6.713,0.182,3.299
3,16,nonlinear,0.938,0.165,1.074,0.095,0.009,0.108,0.759,0.148,0.866,1.096,0.182,1.247
3,17,linear,10.887,0.577,3.22,0.085,0.011,0.06,10.752,0.557,3.109,11.064,0.596,3.317
3,17,nonlinear,4.697,0.577,1.215,0.612,0.011,0.16,3.58,0.557,0.919,5.707,0.597,1.481
3,18,linear,10.128,0.058,1.416,0.034,0.001,0.009,10.068,0.057,1.402,10.198,0.06,1.435
3,18,nonlinear,3.835,0.058,0.523,0.46,0.001,0.063,2.963,0.056,0.406,4.556,0.06,0.623
3,19,linear,16.52,0.197,4.281,0.201,0.014,0.05,16.171,0.173,4.183,16.982,0.222,4.381
3,19,nonlinear,5.323,0.198,1.298,0.791,0.014,0.193,3.786,0.172,0.936,6.513,0.221,1.598
3,20,linear,19.285,0.458,5.918,0.22,0.011,0.122,18.875,0.437,5.728,19.733,0.479,6.168
3,20,nonlinear,5.931,0.458,1.455,0.984,0.011,0.242,4.033,0.437,0.985,7.528,0.478,1.844
3,21,linear,18.677,0.478,6.115,0.116,0.013,0.084,18.471,0.451,5.953,18.901,0.5,6.271
3,21,nonlinear,7.818,0.477,2.289,2.152,0.014,0.631,4.033,0.451,1.178,11.844,0.502,3.469
3,22,linear,14.147,0.514,4.674,0.181,0.021,0.089,13.838,0.469,4.5,14.529,0.55,4.849
3,22,nonlinear,6.317,0.513,2.3,1.305,0.022,0.476,3.935,0.466,1.4,8.548,0.55,3.1
3,23,linear,33.452,1.222,10.732,0.252,0.02,0.174,32.958,1.178,10.397,33.931,1.254,11.042
3,23,nonlinear,6.023,1.222,1.785,0.971,0.02,0.289,4.203,1.181,1.251,7.606,1.256,2.271
3,24,linear,16.431,1.279,4.68,0.359,0.018,0.053,15.704,1.244,4.59,16.954,1.316,4.791
3,24,nonlinear,5.273,1.279,1.842,0.788,0.018,0.276,3.782,1.243,1.304,6.589,1.315,2.29
3,25,linear,6.554,0.376,1.894,0.124,0.007,0.051,6.307,0.362,1.81,6.731,0.386,1.978
3,25,nonlinear,2.182,0.376,0.696,0.217,0.007,0.069,1.78,0.362,0.559,2.538,0.386,0.805
3,26,linear,19.359,1.8,4.521,0.179,0.092,0.096,19.072,1.61,4.342,19.727,1.973,4.714
3,26,nonlinear,5.116,1.802,2.139,0.868,0.09,0.363,3.529,1.609,1.473,6.562,1.968,2.744
3,27,linear,1.054,0.423,4.573,0.051,0.008,0.052,0.952,0.405,4.481,1.16,0.438,4.676
3,27,nonlinear,0.039,0.423,1.708,0.004,0.008,0.174,0.03,0.405,1.376,0.046,0.437,1.984
3,28,linear,4.333,1.024,9.775,0.09,0.024,0.055,4.189,0.975,9.673,4.507,1.067,9.887
3,28,nonlinear,0.053,1.024,1.651,0.005,0.025,0.167,0.042,0.977,1.329,0.062,1.073,1.916
3,29,linear,2.642,0.531,5.917,0.017,0.016,0.071,2.609,0.502,5.786,2.672,0.558,6.042
3,29,nonlinear,0.201,0.531,2.052,0.021,0.016,0.209,0.16,0.501,1.644,0.235,0.558,2.385
3,30,linear,0.882,0.265,4.067,0.009,0.007,0.038,0.866,0.254,4.002,0.899,0.279,4.149
3,30,nonlinear,0.181,0.266,1.262,0.017,0.007,0.121,0.145,0.253,1.027,0.208,0.281,1.455
3,31,linear,2.299,0.436,9.514,0.031,0.007,0.063,2.238,0.423,9.397,2.357,0.451,9.62
3,31,nonlinear,0.573,0.436,2.64,0.066,0.008,0.302,0.445,0.421,2.06,0.68,0.449,3.129
3,32,linear,1.368,0.265,6.164,0.015,0.006,0.049,1.341,0.254,6.071,1.397,0.275,6.251
3,32,nonlinear,0.489,0.265,2.217,0.061,0.006,0.274,0.379,0.253,1.73,0.579,0.275,2.633
3,33,linear,1.705,0.14,13.575,0.043,0.005,0.1,1.635,0.131,13.397,1.785,0.149,13.776
3,33,nonlinear,0.366,0.14,3.938,0.055,0.005,0.587,0.259,0.132,2.773,0.454,0.149,4.868
3,34,linear,0.803,0.11,4.65,0.025,0.008,0.129,0.756,0.097,4.442,0.849,0.123,4.906
3,34,nonlinear,0.349,0.11,2.357,0.038,0.008,0.252,0.278,0.098,1.879,0.414,0.123,2.768
3,35,linear,2.814,0.27,8.124,0.122,0.014,0.095,2.576,0.247,7.937,3.037,0.298,8.293
3,35,nonlinear,0.699,0.271,2.168,0.085,0.015,0.26,0.541,0.247,1.665,0.837,0.3,2.568
3,36,linear,2.663,0.23,5.371,0.057,0.011,0.077,2.571,0.209,5.226,2.781,0.251,5.518
3,36,nonlinear,0.694,0.23,1.768,0.072,0.011,0.181,0.563,0.21,1.449,0.814,0.251,2.064
3,37,linear,3.403,0.597,5.039,0.134,0.039,0.083,3.244,0.518,4.882,3.654,0.654,5.19
3,37,nonlinear,1.201,0.596,1.95,0.129,0.04,0.211,0.957,0.518,1.566,1.412,0.654,2.307
3,38,linear,4.227,0.668,4.375,0.173,0.022,0.128,3.884,0.628,4.098,4.578,0.709,4.597
3,39,linear,3.558,1.081,4.089,0.102,0.054,0.043,3.367,0.991,4.013,3.731,1.181,4.171
3,40,linear,4.52,0.651,6.062,0.094,0.019,0.112,4.373,0.613,5.845,4.701,0.686,6.271
3,40,nonlinear,1.238,0.652,1.232,0.14,0.018,0.128,0.973,0.618,0.973,1.496,0.689,1.433
3,41,linear,4.016,0.574,5.273,0.127,0.015,0.259,3.748,0.549,4.749,4.25,0.603,5.812
3,41,nonlinear,1.094,0.573,1.166,0.114,0.015,0.124,0.896,0.548,0.939,1.284,0.602,1.368
3,42,linear,5.616,1.166,4.646,0.114,0.084,0.065,5.393,1.051,4.522,5.827,1.339,4.775
3,42,nonlinear,0.067,1.164,0.131,0.008,0.084,0.016,0.051,1.053,0.103,0.08,1.334,0.16
3,43,linear,6.3,0.767,3.371,0.118,0.032,0.097,6.091,0.714,3.183,6.542,0.829,3.57
3,43,nonlinear,2.041,0.769,1.44,0.244,0.035,0.169,1.568,0.712,1.111,2.467,0.843,1.71
3,44,linear,3.157,0.635,1.8,0.042,0.012,0.042,3.083,0.614,1.724,3.231,0.656,1.873
3,44,nonlinear,0.207,0.635,0.735,0.02,0.011,0.07,0.168,0.615,0.604,0.24,0.658,0.844
3,45,linear,2.701,0.711,5.056,0.053,0.018,0.046,2.612,0.674,4.975,2.81,0.74,5.145
3,45,nonlinear,0.699,0.711,2.447,0.08,0.018,0.259,0.537,0.675,1.97,0.839,0.738,2.886
3,46,linear,2.549,0.705,5.834,0.073,0.016,0.085,2.444,0.676,5.681,2.709,0.734,5.995
3,46,nonlinear,0.163,0.706,1.422,0.017,0.017,0.141,0.131,0.676,1.136,0.192,0.736,1.647
3,47,linear,5.193,1.72,7.082,0.07,0.082,0.111,5.062,1.597,6.909,5.318,1.882,7.298
3,47,nonlinear,0.686,1.722,2.69,0.089,0.081,0.332,0.51,1.607,2.023,0.823,1.895,3.196
3,48,linear,16.558,2.691,9.762,0.353,0.043,0.183,15.87,2.612,9.438,17.035,2.768,10.123
3,48,nonlinear,0.142,2.692,1.577,0.014,0.043,0.15,0.116,2.615,1.289,0.166,2.77,1.82
3,49,linear,13.022,3.102,6.489,0.232,0.068,0.171,12.611,2.973,6.213,13.379,3.243,6.84
3,49,nonlinear,1.394,3.103,2.108,0.156,0.063,0.231,1.099,2.968,1.674,1.654,3.221,2.491
3,50,linear,1.469,0.311,3.249,0.022,0.008,0.033,1.427,0.297,3.185,1.51,0.327,3.304
3,50,nonlinear,0.341,0.311,1.73,0.038,0.007,0.188,0.27,0.297,1.356,0.402,0.326,2.005
3,51,linear,1.668,1.288,11.882,0.03,0.072,0.168,1.61,1.159,11.577,1.728,1.424,12.214
3,51,nonlinear,0.117,1.289,2.182,0.015,0.067,0.279,0.087,1.167,1.626,0.141,1.425,2.578
3,52,linear,1.998,1.005,8.223,0.072,0.021,0.093,1.87,0.961,8.038,2.126,1.039,8.391
3,52,nonlinear,0.249,1.004,2.493,0.04,0.021,0.396,0.172,0.958,1.741,0.313,1.039,3.146
3,53,linear,2.151,0.221,5.508,0.065,0.014,0.027,2.053,0.194,5.454,2.28,0.243,5.56
3,53,nonlinear,1.016,0.219,2.541,0.13,0.014,0.326,0.771,0.195,1.934,1.215,0.243,3.044
3,54,linear,9.43,0.219,10.237,0.068,0.008,0.087,9.303,0.204,10.072,9.558,0.234,10.4
3,54,nonlinear,2.681,0.219,2.778,0.402,0.009,0.418,1.911,0.202,1.979,3.313,0.234,3.443
3,55,linear,6.368,0.372,7.749,0.06,0.01,0.095,6.257,0.355,7.571,6.485,0.392,7.945
3,55,nonlinear,2.565,0.372,3.282,0.451,0.01,0.576,1.735,0.353,2.225,3.335,0.391,4.271
3,56,linear,7.743,0.411,9.167,0.051,0.012,0.056,7.651,0.387,9.064,7.837,0.433,9.276
3,57,linear,16.364,1.302,10.412,0.442,0.027,0.119,15.529,1.257,10.168,17.031,1.353,10.608
3,58,linear,8.55,0.528,3.814,0.053,0.008,0.028,8.444,0.514,3.76,8.643,0.541,3.864
3,59,linear,5.141,0.375,2.017,0.035,0.004,0.01,5.079,0.367,1.998,5.203,0.382,2.035
3,60,linear,12.261,1.187,4.593,0.252,0.058,0.094,11.895,1.086,4.441,12.734,1.284,4.78
3,60,nonlinear,5.673,1.188,1.872,0.936,0.061,0.31,3.873,1.092,1.245,7.23,1.295,2.364
3,61,linear,30.172,3.659,4.019,0.933,0.173,0.113,28.784,3.35,3.829,31.841,3.92,4.216
3,61,nonlinear,7.454,3.659,1.602,1.598,0.17,0.344,4.085,3.35,0.867,9.882,3.909,2.115
3,62,linear,17.949,1.842,5.295,1.154,0.12,0.091,16.678,1.673,5.119,20.142,2.076,5.444
3,62,nonlinear,5.488,1.842,1.819,0.755,0.12,0.256,4.006,1.658,1.323,6.669,2.062,2.248
3,63,linear,7.1,0.651,4.287,0.058,0.012,0.097,6.991,0.627,4.091,7.211,0.671,4.473
3,63,nonlinear,3.164,0.652,0.969,0.336,0.012,0.103,2.561,0.626,0.782,3.698,0.672,1.133
3,64,linear,12.134,1.226,2.306,0.127,0.041,0.051,11.874,1.138,2.205,12.378,1.302,2.405
3,64,nonlinear,5.785,1.227,1.111,0.838,0.04,0.162,4.208,1.15,0.803,7.122,1.304,1.375
3,65,linear,8.833,1.06,1.878,0.088,0.026,0.051,8.645,1.012,1.771,9.0,1.104,1.972
3,65,nonlinear,4.471,1.059,0.667,0.505,0.025,0.076,3.528,1.013,0.526,5.319,1.102,0.796
3,66,linear,8.375,0.32,1.46,0.078,0.013,0.03,8.211,0.293,1.399,8.494,0.339,1.511
3,66,nonlinear,1.22,0.32,0.25,0.113,0.013,0.023,1.013,0.293,0.207,1.414,0.34,0.286
3,67,linear,10.317,0.408,1.618,0.119,0.024,0.049,10.088,0.37,1.52,10.561,0.457,1.713
3,68,linear,9.832,0.159,2.047,0.087,0.014,0.055,9.683,0.135,1.938,9.992,0.187,2.154
3,69,linear,5.756,0.365,1.226,0.073,0.03,0.031,5.625,0.321,1.176,5.903,0.424,1.295
3,70,linear,10.009,0.129,2.299,0.161,0.01,0.083,9.726,0.11,2.165,10.328,0.146,2.474
3,70,nonlinear,5.234,0.129,0.89,0.624,0.009,0.107,4.12,0.113,0.692,6.285,0.148,1.068
3,71,linear,9.877,0.569,1.681,1.19,0.05,0.177,8.517,0.5,1.412,12.233,0.666,1.986
3,71,nonlinear,3.692,0.57,0.741,0.534,0.053,0.117,2.719,0.497,0.509,4.734,0.685,0.948
3,72,linear,17.446,0.301,3.065,0.194,0.054,0.164,17.111,0.232,2.845,17.848,0.412,3.365
3,72,nonlinear,8.951,0.301,1.608,2.374,0.058,0.428,3.875,0.231,0.743,12.676,0.43,2.321
3,73,linear,10.378,0.321,1.408,0.319,0.018,0.052,9.943,0.285,1.295,11.027,0.349,1.483
3,73,nonlinear,2.092,0.32,0.613,0.27,0.019,0.134,1.572,0.283,0.382,2.561,0.348,0.858
3,74,linear,21.615,0.905,2.304,0.217,0.056,0.08,21.222,0.825,2.161,22.079,1.02,2.474
3,74,nonlinear,1.1,0.904,0.326,0.188,0.057,0.059,0.781,0.821,0.216,1.452,1.018,0.434
3,75,linear,12.116,0.454,0.841,0.123,0.015,0.024,11.85,0.428,0.795,12.326,0.481,0.888
3,75,nonlinear,0.014,0.454,0.042,0.002,0.014,0.005,0.011,0.431,0.033,0.018,0.484,0.051
3,76,linear,13.24,0.455,1.683,0.687,0.191,0.341,12.472,0.257,1.331,14.517,0.806,2.281
3,76,nonlinear,7.646,0.45,0.856,1.244,0.194,0.149,5.208,0.254,0.55,9.605,0.806,1.113
3,77,linear,18.147,0.841,4.861,0.223,0.051,0.144,17.785,0.762,4.553,18.586,0.944,5.137
3,77,nonlinear,5.609,0.843,1.473,0.952,0.05,0.255,3.768,0.773,0.976,7.126,0.955,1.891
3,78,linear,0.573,0.187,0.055,0.037,0.019,0.006,0.491,0.151,0.046,0.63,0.224,0.066
3,78,nonlinear,0.2,0.187,0.03,0.023,0.018,0.005,0.158,0.152,0.021,0.241,0.219,0.038
3,79,linear,10.867,1.034,1.401,0.505,0.146,0.243,10.311,0.849,1.142,11.832,1.345,1.866
3,79,nonlinear,0.66,1.022,0.099,0.068,0.137,0.012,0.53,0.855,0.074,0.77,1.316,0.12
3,80,linear,0.076,0.467,0.169,0.025,0.011,0.032,0.047,0.448,0.109,0.121,0.488,0.215
3,80,nonlinear,0.014,0.467,0.035,0.003,0.011,0.004,0.009,0.447,0.027,0.019,0.486,0.042
3,81,linear,13.852,1.08,2.407,0.245,0.033,0.048,13.511,1.027,2.32,14.339,1.142,2.5
3,81,nonlinear,0.386,1.08,0.161,0.049,0.032,0.016,0.295,1.029,0.129,0.483,1.141,0.19
3,82,linear,3.106,0.569,0.332,0.065,0.01,0.011,2.985,0.551,0.311,3.2,0.589,0.351
3,82,nonlinear,0.092,0.569,0.036,0.011,0.01,0.004,0.072,0.551,0.029,0.11,0.588,0.043
3,84,linear,7.353,0.697,2.459,0.103,0.027,0.113,7.135,0.64,2.232,7.521,0.736,2.622
3,84,nonlinear,2.54,0.698,0.761,0.248,0.026,0.075,2.077,0.647,0.612,2.956,0.736,0.888
3,85,linear,7.223,0.576,3.316,0.355,0.016,0.086,6.737,0.542,3.175,7.949,0.601,3.459
3,85,nonlinear,1.546,0.576,1.087,0.185,0.016,0.13,1.189,0.542,0.834,1.849,0.6,1.297
3,86,linear,7.958,0.796,7.204,0.238,0.047,0.148,7.492,0.718,6.928,8.308,0.878,7.452
3,86,nonlinear,0.233,0.798,0.05,0.023,0.046,0.006,0.188,0.719,0.039,0.272,0.874,0.06
3,87,linear,3.488,0.365,1.706,0.057,0.01,0.022,3.394,0.347,1.664,3.596,0.385,1.75
3,87,nonlinear,0.126,0.365,0.046,0.011,0.01,0.004,0.105,0.347,0.037,0.144,0.387,0.054
3,88,linear,5.778,0.784,5.047,0.107,0.049,0.074,5.581,0.705,4.926,5.963,0.871,5.179
3,88,nonlinear,1.613,0.785,1.263,0.18,0.049,0.141,1.297,0.706,1.01,1.889,0.873,1.481
3,89,linear,15.783,1.129,4.361,0.646,0.059,0.512,14.919,1.043,3.793,17.067,1.245,5.361
3,89,nonlinear,2.16,1.127,0.951,0.254,0.053,0.108,1.684,1.041,0.743,2.594,1.237,1.12
3,90,linear,5.037,1.602,2.624,0.037,0.061,0.041,4.963,1.486,2.564,5.105,1.7,2.703
3,90,nonlinear,1.562,1.602,1.179,0.173,0.061,0.133,1.22,1.484,0.918,1.83,1.696,1.389
3,92,linear,5.775,1.011,3.869,0.102,0.041,0.089,5.577,0.944,3.704,5.963,1.097,4.052
3,92,nonlinear,2.048,1.011,1.364,0.229,0.041,0.149,1.599,0.94,1.085,2.419,1.09,1.603
3,93,linear,18.301,4.827,6.261,0.531,0.143,0.25,17.556,4.602,5.848,19.328,5.098,6.666
3,93,nonlinear,4.179,4.825,2.511,0.684,0.144,0.413,2.962,4.611,1.742,5.353,5.113,3.201
3,94,linear,9.933,2.149,7.669,0.246,0.031,0.328,9.596,2.091,7.184,10.414,2.208,8.333
3,94,nonlinear,1.941,2.148,1.306,0.221,0.031,0.147,1.53,2.092,1.014,2.313,2.213,1.54
3,95,linear,5.783,1.626,3.128,0.144,0.05,0.105,5.522,1.524,2.941,6.082,1.729,3.349
3,95,nonlinear,1.268,1.627,1.619,0.152,0.05,0.195,0.966,1.522,1.233,1.509,1.717,1.94
3,96,linear,20.049,8.125,4.692,0.691,0.538,0.194,18.718,7.019,4.32,21.432,8.798,5.012
3,96,nonlinear,6.451,8.133,1.337,1.157,0.499,0.24,4.253,7.129,0.903,8.318,8.817,1.743
3,97,linear,3.715,1.206,1.788,0.129,0.187,0.156,3.469,0.832,1.607,3.913,1.469,2.059
3,97,nonlinear,0.681,1.208,1.012,0.066,0.19,0.098,0.552,0.852,0.84,0.785,1.479,1.18
3,98,linear,6.14,1.394,6.275,0.104,0.05,0.24,5.942,1.286,5.945,6.341,1.483,6.764
3,98,nonlinear,2.601,1.394,3.187,0.42,0.054,0.517,1.84,1.272,2.21,3.306,1.48,4.056
3,99,linear,5.817,2.149,5.434,0.137,0.076,0.124,5.543,1.994,5.18,6.017,2.283,5.642
3,99,nonlinear,1.567,2.152,2.866,0.18,0.071,0.331,1.219,1.997,2.234,1.849,2.266,3.384
3,100,linear,3.107,1.759,4.595,0.074,0.043,0.096,2.969,1.69,4.396,3.245,1.836,4.777
3,100,nonlinear,0.803,1.758,1.41,0.107,0.042,0.184,0.597,1.691,1.081,0.96,1.83,1.687
3,101,linear,6.646,1.496,8.263,0.144,0.024,0.22,6.347,1.452,7.82,6.912,1.542,8.563
3,101,nonlinear,1.869,1.496,1.376,0.203,0.023,0.15,1.484,1.455,1.105,2.185,1.54,1.619
3,102,linear,6.864,1.626,3.619,0.127,0.046,0.04,6.63,1.541,3.55,7.121,1.706,3.698
3,102,nonlinear,1.673,1.626,1.599,0.193,0.046,0.182,1.308,1.541,1.243,1.986,1.711,1.886
3,103,linear,8.285,1.426,7.652,0.283,0.047,0.177,7.917,1.353,7.337,8.869,1.509,7.994
3,103,nonlinear,2.604,1.427,2.049,0.356,0.046,0.28,1.881,1.354,1.512,3.136,1.507,2.496
3,104,linear,5.877,2.129,6.254,0.079,0.1,0.077,5.73,1.967,6.106,6.004,2.291,6.392
3,104,nonlinear,1.086,2.139,1.353,0.132,0.099,0.165,0.84,1.969,1.032,1.289,2.288,1.618
3,105,linear,6.484,1.147,3.615,0.528,0.056,0.091,5.572,1.061,3.476,7.291,1.266,3.81
3,105,nonlinear,0.389,1.15,0.029,0.035,0.057,0.003,0.326,1.058,0.023,0.453,1.265,0.035
3,106,linear,8.016,1.545,4.192,0.098,0.046,0.086,7.833,1.455,4.033,8.215,1.639,4.365
3,106,nonlinear,0.909,1.545,2.015,0.114,0.045,0.246,0.674,1.463,1.528,1.094,1.634,2.399
3,107,linear,7.589,0.945,3.56,0.136,0.089,0.084,7.308,0.816,3.375,7.843,1.104,3.689
3,107,nonlinear,0.362,0.943,0.227,0.034,0.087,0.054,0.297,0.816,0.151,0.422,1.101,0.336
3,108,linear,20.641,1.917,10.333,0.381,0.074,0.742,19.934,1.782,8.955,21.232,2.047,11.424
3,108,nonlinear,3.901,1.914,1.892,0.609,0.075,0.299,2.722,1.773,1.29,4.886,2.047,2.367
3,109,linear,8.532,2.526,8.8,1.216,0.122,0.178,7.121,2.374,8.468,10.816,2.768,9.183
3,109,nonlinear,0.229,2.516,1.123,0.027,0.11,0.124,0.172,2.386,0.901,0.273,2.749,1.331
3,110,linear,16.698,1.764,6.41,0.542,0.038,0.109,15.979,1.686,6.237,17.834,1.825,6.628
3,110,nonlinear,0.468,1.762,1.057,0.057,0.038,0.114,0.351,1.689,0.834,0.576,1.825,1.25
3,111,linear,7.151,2.658,3.22,0.155,0.05,0.039,6.836,2.555,3.15,7.38,2.735,3.301
3,111,nonlinear,0.051,2.657,0.16,0.005,0.049,0.018,0.042,2.561,0.126,0.059,2.733,0.196
3,112,linear,3.823,1.424,1.678,0.024,0.042,0.037,3.777,1.341,1.611,3.868,1.497,1.748
3,112,nonlinear,1.034,1.427,0.758,0.114,0.042,0.085,0.807,1.348,0.584,1.222,1.505,0.896
3,113,linear,15.448,3.883,14.884,0.288,0.1,0.426,14.911,3.67,13.961,16.054,4.042,15.577
3,113,nonlinear,0.204,3.879,0.112,0.03,0.101,0.015,0.148,3.683,0.08,0.255,4.049,0.137
3,114,linear,4.539,2.695,1.641,0.114,0.022,0.017,4.314,2.652,1.609,4.7,2.74,1.675
3,114,nonlinear,0.216,2.695,0.179,0.021,0.022,0.025,0.174,2.653,0.133,0.251,2.74,0.221
3,115,linear,2.214,0.316,1.123,0.018,0.01,0.036,2.183,0.296,1.064,2.25,0.336,1.201
3,115,nonlinear,1.773,0.315,0.83,0.19,0.011,0.089,1.441,0.292,0.664,2.087,0.332,0.973
3,116,linear,0.051,0.081,4.006,0.009,0.012,0.102,0.039,0.061,3.79,0.067,0.103,4.177
3,116,nonlinear,0.034,0.081,0.667,0.004,0.011,0.062,0.027,0.063,0.555,0.043,0.101,0.774
3,117,linear,0.926,0.82,0.579,0.059,0.022,0.024,0.848,0.784,0.53,1.036,0.864,0.624
3,117,nonlinear,0.377,0.819,0.212,0.036,0.022,0.022,0.302,0.781,0.17,0.435,0.863,0.252
3,118,linear,2.412,0.442,0.9,0.059,0.018,0.043,2.332,0.414,0.846,2.531,0.483,0.978
3,118,nonlinear,0.836,0.442,0.455,0.08,0.018,0.044,0.675,0.411,0.375,0.971,0.48,0.531
3,119,linear,0.248,0.198,0.518,0.005,0.011,0.01,0.24,0.181,0.498,0.257,0.219,0.535
3,119,nonlinear,0.073,0.198,0.183,0.006,0.01,0.016,0.062,0.181,0.154,0.084,0.218,0.208
3,120,linear,3.74,0.134,2.918,0.091,0.014,0.084,3.574,0.11,2.795,3.926,0.161,3.094
3,120,nonlinear,0.29,0.134,0.771,0.031,0.014,0.081,0.228,0.108,0.616,0.339,0.161,0.899
3,121,linear,1.375,0.077,2.953,0.119,0.022,0.084,1.128,0.051,2.83,1.532,0.12,3.123
3,121,nonlinear,0.385,0.074,0.91,0.034,0.019,0.083,0.316,0.05,0.76,0.441,0.109,1.055
3,122,linear,1.446,1.27,1.407,0.029,0.073,0.017,1.384,1.151,1.374,1.494,1.424,1.439
3,122,nonlinear,0.528,1.271,1.132,0.057,0.073,0.121,0.425,1.158,0.906,0.624,1.43,1.319
3,123,linear,1.144,0.396,5.248,0.054,0.047,0.098,1.055,0.301,5.064,1.251,0.458,5.449
3,123,nonlinear,0.255,0.397,1.008,0.03,0.048,0.105,0.196,0.306,0.817,0.306,0.464,1.179
3,124,linear,4.22,1.499,3.637,0.438,0.099,0.182,3.605,1.298,3.411,5.031,1.624,3.989
3,124,nonlinear,0.439,1.509,1.007,0.049,0.086,0.109,0.349,1.337,0.8,0.528,1.619,1.203
3,125,linear,0.123,0.086,0.809,0.005,0.003,0.015,0.114,0.081,0.782,0.133,0.092,0.841
3,125,nonlinear,0.028,0.086,0.194,0.003,0.003,0.016,0.023,0.081,0.161,0.033,0.092,0.221
2,1,linear,1.323,0.086,1.241,0.02,0.004,0.012,1.282,0.078,1.22,1.355,0.093,1.264
2,1,nonlinear,0.589,0.086,0.802,0.062,0.004,0.084,0.466,0.077,0.635,0.687,0.093,0.931
2,2,linear,1.495,0.67,1.196,0.053,0.006,0.082,1.396,0.659,1.069,1.6,0.681,1.334
2,2,nonlinear,0.82,0.67,0.474,0.081,0.006,0.046,0.663,0.659,0.384,0.955,0.681,0.548
2,3,linear,3.091,0.431,1.461,0.024,0.009,0.032,3.043,0.413,1.414,3.135,0.445,1.518
2,3,nonlinear,1.011,0.43,0.468,0.095,0.009,0.044,0.828,0.413,0.384,1.163,0.446,0.54
2,4,linear,9.811,0.43,5.571,0.083,0.006,0.068,9.671,0.418,5.444,9.978,0.442,5.698
2,4,nonlinear,3.169,0.43,1.926,0.425,0.007,0.258,2.363,0.418,1.43,3.845,0.443,2.327
2,5,linear,1.728,0.161,0.649,0.008,0.003,0.006,1.711,0.156,0.638,1.742,0.167,0.659
2,5,nonlinear,1.133,0.161,0.417,0.118,0.003,0.044,0.909,0.156,0.334,1.311,0.167,0.483
2,6,linear,6.61,0.255,3.724,0.06,0.008,0.021,6.508,0.241,3.689,6.726,0.268,3.767
2,6,nonlinear,1.581,0.254,0.843,0.155,0.007,0.083,1.289,0.241,0.686,1.828,0.267,0.974
2,7,linear,2.76,1.678,1.513,0.035,0.012,0.021,2.694,1.657,1.472,2.825,1.701,1.553
2,7,nonlinear,0.995,1.678,0.462,0.094,0.012,0.044,0.815,1.659,0.377,1.145,1.704,0.531
2,8,linear,5.424,0.438,2.109,0.049,0.011,0.022,5.328,0.418,2.072,5.506,0.459,2.152
2,8,nonlinear,0.66,0.438,0.876,0.074,0.011,0.099,0.52,0.418,0.686,0.776,0.457,1.024
2,9,linear,2.559,0.3,2.851,0.015,0.007,0.018,2.533,0.287,2.815,2.591,0.312,2.883
2,9,nonlinear,1.009,0.3,1.216,0.104,0.007,0.126,0.821,0.287,0.989,1.174,0.312,1.413
2,10,linear,7.604,0.583,3.849,0.068,0.012,0.036,7.485,0.559,3.784,7.73,0.605,3.915
2,10,nonlinear,2.644,0.583,1.339,0.338,0.012,0.171,2.025,0.561,1.021,3.176,0.606,1.603
2,11,linear,1.074,0.457,0.35,0.039,0.021,0.034,1.01,0.421,0.297,1.149,0.493,0.423
2,11,nonlinear,0.507,0.458,0.044,0.053,0.02,0.006,0.408,0.422,0.034,0.602,0.494,0.055
2,12,linear,1.735,2.204,0.711,0.053,0.076,0.016,1.639,2.057,0.686,1.843,2.31,0.744
2,12,nonlinear,0.491,2.204,0.057,0.046,0.073,0.006,0.402,2.057,0.046,0.565,2.309,0.068
2,13,linear,2.843,4.48,2.867,0.05,0.034,0.123,2.758,4.41,2.691,2.946,4.541,3.095
2,13,nonlinear,0.573,4.479,0.184,0.057,0.034,0.019,0.472,4.412,0.15,0.662,4.544,0.215
2,14,linear,2.023,2.83,1.712,0.019,0.022,0.023,1.986,2.784,1.663,2.056,2.871,1.749
2,14,nonlinear,0.333,2.83,0.79,0.033,0.022,0.077,0.273,2.784,0.646,0.385,2.87,0.91
2,15,linear,1.809,2.591,2.784,0.027,0.045,0.014,1.763,2.512,2.757,1.866,2.667,2.811
2,15,nonlinear,1.119,2.591,1.442,0.14,0.044,0.181,0.881,2.51,1.138,1.316,2.663,1.698
2,16,linear,2.889,0.843,1.729,0.016,0.006,0.01,2.86,0.832,1.709,2.92,0.854,1.748
2,16,nonlinear,1.681,0.843,0.92,0.171,0.006,0.093,1.368,0.833,0.746,1.95,0.854,1.067
2,17,linear,9.614,1.811,6.686,0.239,0.041,0.043,9.243,1.729,6.601,10.013,1.881,6.77
2,17,nonlinear,1.948,1.811,1.299,0.227,0.042,0.151,1.519,1.727,1.012,2.304,1.883,1.533
2,18,linear,16.89,0.829,5.549,0.566,0.02,0.063,15.907,0.791,5.428,17.761,0.865,5.659
2,18,nonlinear,5.201,0.828,2.512,0.931,0.021,0.45,3.496,0.787,1.681,6.746,0.865,3.251
2,19,linear,5.758,1.756,4.193,0.133,0.056,0.097,5.566,1.672,4.038,6.053,1.877,4.367
2,19,nonlinear,1.899,1.754,1.611,0.223,0.054,0.19,1.489,1.671,1.256,2.26,1.872,1.918
2,20,linear,4.845,0.565,1.702,0.032,0.004,0.015,4.79,0.558,1.674,4.914,0.573,1.733
2,20,nonlinear,2.039,0.565,0.848,0.219,0.004,0.091,1.622,0.558,0.675,2.374,0.573,0.988
2,21,linear,13.38,1.869,4.396,0.083,0.104,0.083,13.221,1.662,4.244,13.537,2.017,4.574
2,21,nonlinear,3.448,1.871,1.689,0.474,0.103,0.232,2.525,1.659,1.223,4.193,2.015,2.04
